{"train_time": 138.06016898155212, "test_auc": 0.8605353183401965, "test_time": 0.8927690982818604}