{"train_time": 142.67462635040283, "test_auc": 0.8605353183401965, "test_time": 0.9792478084564209}