{"train_time": 432.70830059051514, "test_auc": 0.8605353183401965, "test_time": 2.994760513305664}