{"train_time": 382.15224981307983, "test_auc": 0.8605353183401965, "test_time": 2.646505117416382}