{"train_time": 374.0641701221466, "test_auc": 0.8605353183401965, "test_time": 2.9574780464172363}