{"train_time": 164.34698009490967, "test_auc": 0.8605353183401965, "test_time": 0.9541008472442627}