{"train_time": 137.80130815505981, "test_auc": 0.8605353183401965, "test_time": 0.8772053718566895}