{"train_time": 138.54695630073547, "test_auc": 0.8605353183401965, "test_time": 0.9496722221374512}