{"train_time": 155.8551800251007, "test_auc": 0.7211711666666667, "test_time": 0.9618229866027832}