{"train_time": 160.40326976776123, "test_auc": 0.9555277777777778, "test_time": 1.0617492198944092}