{"train_time": 155.18555736541748, "test_auc": 0.7683477777777777, "test_time": 1.148122787475586}