{"train_time": 161.4946572780609, "test_auc": 0.9595673333333334, "test_time": 0.9653167724609375}