{"train_time": 160.74431562423706, "test_auc": 0.9546573333333335, "test_time": 0.8894641399383545}