{"train_time": 159.82773852348328, "test_auc": 0.7635881111111112, "test_time": 1.1188554763793945}