{"train_time": 165.59867525100708, "test_auc": 0.9587692222222223, "test_time": 1.0371735095977783}