{"train_time": 166.78388285636902, "test_auc": 0.7152344444444445, "test_time": 1.0046131610870361}