{"train_time": 160.5890085697174, "test_auc": 0.9564755555555556, "test_time": 1.0582098960876465}