{"train_time": 158.70769357681274, "test_auc": 0.7613573888888889, "test_time": 0.8814384937286377}