{"train_time": 158.0694236755371, "test_auc": 0.9578758888888887, "test_time": 1.007711410522461}