{"train_time": 164.54190874099731, "test_auc": 0.7652662777777777, "test_time": 0.9316456317901611}