{"train_time": 161.64313435554504, "test_auc": 0.7662816111111111, "test_time": 1.0106232166290283}