{"train_time": 166.19505834579468, "test_auc": 0.9566234444444445, "test_time": 1.1242024898529053}