{"train_time": 159.12888360023499, "test_auc": 0.9541557777777778, "test_time": 1.0022501945495605}