{"train_time": 165.62155270576477, "test_auc": 0.72673, "test_time": 1.0137004852294922}