{"train_time": 160.94539546966553, "test_auc": 0.7769872222222223, "test_time": 0.89388108253479}