{"train_time": 160.19926500320435, "test_auc": 0.9533823333333334, "test_time": 0.9311249256134033}