{"train_time": 159.72537279129028, "test_auc": 0.956539, "test_time": 0.9990987777709961}