{"train_time": 157.12428498268127, "test_auc": 0.7591263333333333, "test_time": 0.9060237407684326}