{"train_time": 162.549409866333, "test_auc": 0.9587555, "test_time": 0.8600564002990723}