{"train_time": 165.65835547447205, "test_auc": 0.9591477777777778, "test_time": 1.1342520713806152}