{"train_time": 160.21793603897095, "test_auc": 0.7710431111111111, "test_time": 1.0659515857696533}