{"train_time": 164.82144045829773, "test_auc": 0.9532884444444445, "test_time": 1.0345618724822998}