{"train_time": 160.33335757255554, "test_auc": 0.7520913333333333, "test_time": 1.011922836303711}