{"train_time": 160.89154291152954, "test_auc": 0.7721303333333333, "test_time": 1.0198464393615723}