{"train_time": 161.26008915901184, "test_auc": 0.732163111111111, "test_time": 1.0097730159759521}