{"train_time": 165.24498891830444, "test_auc": 0.7428499999999999, "test_time": 1.0962491035461426}