{"train_time": 167.89730596542358, "test_auc": 0.9566605555555554, "test_time": 1.0513741970062256}