{"train_time": 159.83185529708862, "test_auc": 0.9523635555555556, "test_time": 1.0714647769927979}