{"train_time": 156.10712838172913, "test_auc": 0.7634751666666667, "test_time": 0.9530558586120605}