{"train_time": 160.3182020187378, "test_auc": 0.7607158333333333, "test_time": 0.8723330497741699}