{"train_time": 162.80379343032837, "test_auc": 0.7623311111111111, "test_time": 1.011760950088501}