{"train_time": 161.8282287120819, "test_auc": 0.9582576666666667, "test_time": 1.1058290004730225}