{"train_time": 160.18902945518494, "test_auc": 0.7641149999999999, "test_time": 1.005645751953125}