{"train_time": 159.47932052612305, "test_auc": 0.7579203333333333, "test_time": 0.8839550018310547}