{"train_time": 159.3611581325531, "test_auc": 0.7839933333333333, "test_time": 1.0807549953460693}