{"train_time": 163.30668902397156, "test_auc": 0.7005933888888889, "test_time": 0.9576234817504883}