{"train_time": 159.6892523765564, "test_auc": 0.9553991111111111, "test_time": 1.0218274593353271}