{"train_time": 200.80474829673767, "test_auc": 0.771303111111111, "test_time": 1.0309686660766602}