{"train_time": 164.7121024131775, "test_auc": 0.7470282777777777, "test_time": 1.068631887435913}