{"train_time": 164.82415866851807, "test_auc": 0.7330626666666666, "test_time": 1.0619444847106934}