{"train_time": 165.79409980773926, "test_auc": 0.7490838888888889, "test_time": 1.0305790901184082}