{"train_time": 159.43674325942993, "test_auc": 0.9597507777777777, "test_time": 0.9530684947967529}