{"train_time": 163.69573593139648, "test_auc": 0.7834867222222224, "test_time": 0.9986519813537598}