{"train_time": 157.7628972530365, "test_auc": 0.9583302222222222, "test_time": 0.9992766380310059}