{"train_time": 156.12458443641663, "test_auc": 0.7706931666666667, "test_time": 1.0368003845214844}