{"train_time": 166.36276960372925, "test_auc": 0.9567117777777778, "test_time": 1.0007233619689941}