{"train_time": 167.99529767036438, "test_auc": 0.9612111111111111, "test_time": 1.0511646270751953}