{"train_time": 169.58051419258118, "test_auc": 0.9573303333333333, "test_time": 1.1124780178070068}