{"train_time": 159.80093955993652, "test_auc": 0.7559586666666667, "test_time": 0.9677128791809082}