{"train_time": 163.34457278251648, "test_auc": 0.7431972777777778, "test_time": 1.0619220733642578}