{"train_time": 166.32963800430298, "test_auc": 0.9565817777777778, "test_time": 0.985943078994751}