{"train_time": 167.86908793449402, "test_auc": 0.7185699999999999, "test_time": 1.0666749477386475}