{"train_time": 163.98992538452148, "test_auc": 0.7509931666666666, "test_time": 0.9681432247161865}