{"train_time": 157.92623162269592, "test_auc": 0.7416116111111111, "test_time": 1.0099382400512695}