{"train_time": 159.822438955307, "test_auc": 0.9548111111111112, "test_time": 0.9510307312011719}