{"train_time": 161.67252469062805, "test_auc": 0.7641541111111111, "test_time": 0.9546756744384766}