{"train_time": 157.94056677818298, "test_auc": 0.7454225, "test_time": 1.0304374694824219}