{"train_time": 157.86184239387512, "test_auc": 0.9598968888888888, "test_time": 1.0288257598876953}