{"train_time": 161.11358451843262, "test_auc": 0.7589562777777777, "test_time": 0.855837345123291}