{"train_time": 165.32791662216187, "test_auc": 0.7363966666666667, "test_time": 1.0572929382324219}