{"train_time": 158.8998556137085, "test_auc": 0.7139537222222222, "test_time": 0.982128381729126}