{"train_time": 162.64256644248962, "test_auc": 0.9563140000000001, "test_time": 1.0544261932373047}