{"train_time": 160.09697008132935, "test_auc": 0.9560377777777778, "test_time": 1.0813932418823242}