{"train_time": 167.4348270893097, "test_auc": 0.7344882222222222, "test_time": 1.027139663696289}