{"train_time": 160.29804277420044, "test_auc": 0.775467388888889, "test_time": 1.0778019428253174}