{"train_time": 166.63668727874756, "test_auc": 0.959432888888889, "test_time": 1.0345194339752197}