{"train_time": 164.50063514709473, "test_auc": 0.9584643333333333, "test_time": 1.0230073928833008}