{"train_time": 157.46420288085938, "test_auc": 0.753735888888889, "test_time": 1.0519747734069824}