{"train_time": 168.950688123703, "test_auc": 0.7332179999999999, "test_time": 1.0643956661224365}