{"train_time": 163.66830492019653, "test_auc": 0.7239895555555554, "test_time": 0.9819178581237793}