{"train_time": 159.7304244041443, "test_auc": 0.95607, "test_time": 1.0406315326690674}