{"train_time": 162.75911927223206, "test_auc": 0.7257098333333334, "test_time": 1.0031630992889404}