{"train_time": 158.2044858932495, "test_auc": 0.7503576666666667, "test_time": 1.0723628997802734}