{"train_time": 164.42483115196228, "test_auc": 0.7134621111111111, "test_time": 0.9665865898132324}