{"train_time": 157.17103958129883, "test_auc": 0.9531873333333333, "test_time": 0.8922288417816162}