{"train_time": 156.86408615112305, "test_auc": 0.7590617777777777, "test_time": 0.9666156768798828}