{"train_time": 161.187433719635, "test_auc": 0.7710261111111111, "test_time": 1.0446536540985107}