{"train_time": 165.1081326007843, "test_auc": 0.7417177777777778, "test_time": 1.0352444648742676}