{"train_time": 157.9228959083557, "test_auc": 0.7607524444444446, "test_time": 0.8716797828674316}