{"train_time": 165.938086271286, "test_auc": 0.9553336666666667, "test_time": 0.8943719863891602}