{"train_time": 158.57562160491943, "test_auc": 0.7676741111111112, "test_time": 1.080033540725708}