{"train_time": 157.95685338974, "test_auc": 0.9575466666666665, "test_time": 0.9529101848602295}