{"train_time": 165.37579989433289, "test_auc": 0.9593625555555555, "test_time": 1.048067331314087}