{"train_time": 160.13476824760437, "test_auc": 0.7727598888888889, "test_time": 1.0037200450897217}