{"train_time": 159.2498722076416, "test_auc": 0.9589922222222222, "test_time": 1.0207157135009766}