{"train_time": 160.66818165779114, "test_auc": 0.7766716666666666, "test_time": 1.0139400959014893}