{"train_time": 158.25488448143005, "test_auc": 0.7530613333333334, "test_time": 1.04612398147583}