{"train_time": 156.22257685661316, "test_auc": 0.7330375, "test_time": 0.9142510890960693}