{"train_time": 156.3810589313507, "test_auc": 0.9589817777777778, "test_time": 0.8846726417541504}