{"train_time": 161.19292974472046, "test_auc": 0.736513, "test_time": 0.9892492294311523}