{"train_time": 159.6467854976654, "test_auc": 0.7449104444444444, "test_time": 0.8329606056213379}