{"train_time": 162.26960563659668, "test_auc": 0.7706745555555555, "test_time": 0.972287654876709}