{"train_time": 161.53520345687866, "test_auc": 0.754062888888889, "test_time": 1.0461244583129883}