{"train_time": 158.79043078422546, "test_auc": 0.7671567777777777, "test_time": 0.9987199306488037}