{"train_time": 168.4526584148407, "test_auc": 0.9568672222222222, "test_time": 0.9986662864685059}