{"train_time": 155.4713978767395, "test_auc": 0.9565991111111112, "test_time": 0.9906363487243652}