{"train_time": 158.36909937858582, "test_auc": 0.956333, "test_time": 1.0595860481262207}