{"train_time": 163.52883195877075, "test_auc": 0.7496315555555555, "test_time": 1.043586254119873}