{"train_time": 166.02698063850403, "test_auc": 0.9570077777777778, "test_time": 1.0536043643951416}