{"train_time": 157.15977668762207, "test_auc": 0.9581937777777777, "test_time": 1.0160298347473145}