{"train_time": 158.87732434272766, "test_auc": 0.9575822222222223, "test_time": 1.0514824390411377}