{"train_time": 163.43252730369568, "test_auc": 0.774851, "test_time": 0.8407464027404785}