{"train_time": 158.975252866745, "test_auc": 0.7265163333333332, "test_time": 1.0044877529144287}