{"train_time": 158.58695197105408, "test_auc": 0.7754312222222222, "test_time": 1.0233604907989502}