{"train_time": 161.84030294418335, "test_auc": 0.762778, "test_time": 1.0759103298187256}