{"train_time": 161.35901165008545, "test_auc": 0.7473710555555556, "test_time": 1.0719718933105469}