{"train_time": 159.318838596344, "test_auc": 0.7707022222222222, "test_time": 1.0467243194580078}