{"train_time": 157.89977097511292, "test_auc": 0.7369072222222222, "test_time": 0.9196560382843018}