{"train_time": 164.77917623519897, "test_auc": 0.7536826666666668, "test_time": 1.022233247756958}