{"train_time": 164.1770236492157, "test_auc": 0.7349161111111111, "test_time": 1.0965244770050049}