{"train_time": 161.2738642692566, "test_auc": 0.9546666666666668, "test_time": 1.0108556747436523}