{"train_time": 154.98124361038208, "test_auc": 0.9565490000000001, "test_time": 0.9615662097930908}