{"train_time": 157.10444402694702, "test_auc": 0.7307736666666668, "test_time": 0.9704091548919678}