{"train_time": 166.75734686851501, "test_auc": 0.9593235555555556, "test_time": 1.0945682525634766}