{"train_time": 155.74675297737122, "test_auc": 0.7782176666666667, "test_time": 0.9595496654510498}