{"train_time": 162.5664677619934, "test_auc": 0.7652986666666666, "test_time": 1.1236205101013184}