{"train_time": 159.2360396385193, "test_auc": 0.7325136111111111, "test_time": 1.049138069152832}