{"train_time": 170.9528558254242, "test_auc": 0.7672130000000001, "test_time": 0.988544225692749}